what,kind,bundleId,bundleVersion,description,time
activated,perspective,org.eclipse.cdt.ui,,"org.eclipse.cdt.ui.CPerspective",1300942460581
started,bundle,org.eclipse.osgi,3.6.2.R36x_v20110210,"org.eclipse.osgi",1300942460587
started,bundle,org.eclipse.equinox.simpleconfigurator,1.0.200.v20100503,"org.eclipse.equinox.simpleconfigurator",1300942460588
started,bundle,com.ibm.icu,4.2.1.v20100412,"com.ibm.icu",1300942460588
started,bundle,org.eclipse.cdt.core,5.2.1.201102110609,"org.eclipse.cdt.core",1300942460588
started,bundle,org.eclipse.cdt.make.core,7.0.1.201102110609,"org.eclipse.cdt.make.core",1300942460588
started,bundle,org.eclipse.cdt.make.ui,7.0.0.201102110609,"org.eclipse.cdt.make.ui",1300942460589
started,bundle,org.eclipse.cdt.managedbuilder.core,7.0.2.201102110609,"org.eclipse.cdt.managedbuilder.core",1300942460589
started,bundle,org.eclipse.cdt.ui,5.2.2.201102110609,"org.eclipse.cdt.ui",1300942460589
started,bundle,org.eclipse.compare.core,3.5.101.R36x_v20100929-0800,"org.eclipse.compare.core",1300942460600
started,bundle,org.eclipse.core.contenttype,3.4.100.v20100505-1235,"org.eclipse.core.contenttype",1300942460600
started,bundle,org.eclipse.core.databinding.observable,1.3.0.I20100601-0800,"org.eclipse.core.databinding.observable",1300942460601
started,bundle,org.eclipse.core.expressions,3.4.200.v20100505,"org.eclipse.core.expressions",1300942460601
started,bundle,org.eclipse.core.filebuffers,3.5.100.v20100520-0800,"org.eclipse.core.filebuffers",1300942460601
started,bundle,org.eclipse.core.filesystem,1.3.1.R36x_v20100727-0745,"org.eclipse.core.filesystem",1300942460601
started,bundle,org.eclipse.core.jobs,3.5.1.R36x_v20100824,"org.eclipse.core.jobs",1300942460602
started,bundle,org.eclipse.core.net,1.2.100.I20100511-0800,"org.eclipse.core.net",1300942460602
started,bundle,org.eclipse.core.resources,3.6.1.R36x_v20110131-1630,"org.eclipse.core.resources",1300942460602
started,bundle,org.eclipse.core.runtime,3.6.0.v20100505,"org.eclipse.core.runtime",1300942460602
started,bundle,org.eclipse.core.runtime.compatibility,3.2.100.v20100505,"org.eclipse.core.runtime.compatibility",1300942460604
started,bundle,org.eclipse.core.runtime.compatibility.auth,3.2.200.v20100517,"org.eclipse.core.runtime.compatibility.auth",1300942460605
started,bundle,org.eclipse.core.variables,3.2.400.v20100505,"org.eclipse.core.variables",1300942460605
started,bundle,org.eclipse.debug.core,3.6.0.v20100519,"org.eclipse.debug.core",1300942460605
started,bundle,org.eclipse.epp.usagedata.gathering,1.3.1.R201102081640,"org.eclipse.epp.usagedata.gathering",1300942460605
started,bundle,org.eclipse.epp.usagedata.recording,1.3.1.R201102081640,"org.eclipse.epp.usagedata.recording",1300942460605
started,bundle,org.eclipse.equinox.app,1.3.1.R36x_v20100803,"org.eclipse.equinox.app",1300942460605
started,bundle,org.eclipse.equinox.common,3.6.0.v20100503,"org.eclipse.equinox.common",1300942460610
started,bundle,org.eclipse.equinox.ds,1.2.1.R36x_v20100803,"org.eclipse.equinox.ds",1300942460611
started,bundle,org.eclipse.equinox.event,1.2.0.v20100503,"org.eclipse.equinox.event",1300942460612
started,bundle,org.eclipse.equinox.p2.artifact.repository,1.1.1.R36x_v20100901,"org.eclipse.equinox.p2.artifact.repository",1300942460612
started,bundle,org.eclipse.equinox.p2.core,2.0.3.R36x_v20110111,"org.eclipse.equinox.p2.core",1300942460613
started,bundle,org.eclipse.equinox.p2.director,2.0.3.R36x_v20101117-1018,"org.eclipse.equinox.p2.director",1300942460627
started,bundle,org.eclipse.equinox.p2.directorywatcher,1.0.203.R36x_v20101220,"org.eclipse.equinox.p2.directorywatcher",1300942460628
started,bundle,org.eclipse.equinox.p2.engine,2.0.1.R36x_v20110201,"org.eclipse.equinox.p2.engine",1300942460628
started,bundle,org.eclipse.equinox.p2.extensionlocation,1.2.0.v20100518,"org.eclipse.equinox.p2.extensionlocation",1300942460628
started,bundle,org.eclipse.equinox.p2.metadata,2.0.1.R36x_v20101202,"org.eclipse.equinox.p2.metadata",1300942460629
started,bundle,org.eclipse.equinox.p2.metadata.repository,1.1.0.v20100513,"org.eclipse.equinox.p2.metadata.repository",1300942460629
started,bundle,org.eclipse.equinox.p2.operations,2.0.0.v20100510,"org.eclipse.equinox.p2.operations",1300942460629
started,bundle,org.eclipse.equinox.p2.publisher,1.1.2.v20100824-2220,"org.eclipse.equinox.p2.publisher",1300942460630
started,bundle,org.eclipse.equinox.p2.reconciler.dropins,1.1.2.R36x_v20110114,"org.eclipse.equinox.p2.reconciler.dropins",1300942460630
started,bundle,org.eclipse.equinox.p2.repository,2.0.2.R36x_v20110111-1500,"org.eclipse.equinox.p2.repository",1300942460631
started,bundle,org.eclipse.equinox.p2.touchpoint.eclipse,2.0.3.R36x_v20101202,"org.eclipse.equinox.p2.touchpoint.eclipse",1300942460631
started,bundle,org.eclipse.equinox.p2.ui.sdk.scheduler,1.0.0.v20100507-1815,"org.eclipse.equinox.p2.ui.sdk.scheduler",1300942460634
started,bundle,org.eclipse.equinox.p2.updatechecker,1.1.101.R36x_v20100823,"org.eclipse.equinox.p2.updatechecker",1300942460635
started,bundle,org.eclipse.equinox.preferences,3.3.0.v20100503,"org.eclipse.equinox.preferences",1300942460635
started,bundle,org.eclipse.equinox.registry,3.5.0.v20100503,"org.eclipse.equinox.registry",1300942460635
started,bundle,org.eclipse.equinox.security,1.0.200.v20100503,"org.eclipse.equinox.security",1300942460635
started,bundle,org.eclipse.equinox.util,1.0.200.v20100503,"org.eclipse.equinox.util",1300942460635
started,bundle,org.eclipse.help,3.5.0.v20100524,"org.eclipse.help",1300942460635
started,bundle,org.eclipse.jface,3.6.2.M20110210-1200,"org.eclipse.jface",1300942460636
started,bundle,org.eclipse.jsch.core,1.1.200.I20100505-1245,"org.eclipse.jsch.core",1300942460636
started,bundle,org.eclipse.ltk.core.refactoring,3.5.101.r362_v20101117-0800,"org.eclipse.ltk.core.refactoring",1300942460636
started,bundle,org.eclipse.ltk.ui.refactoring,3.5.0.v20100526-0800,"org.eclipse.ltk.ui.refactoring",1300942460636
started,bundle,org.eclipse.mylyn.monitor.ui,3.4.1.v20110131-0100-e3x,"org.eclipse.mylyn.monitor.ui",1300942460637
started,bundle,org.eclipse.search,3.6.0.v20100520-0800,"org.eclipse.search",1300942460637
started,bundle,org.eclipse.team.core,3.5.101.R36x_v20110203-1036,"org.eclipse.team.core",1300942460637
started,bundle,org.eclipse.team.cvs.core,3.3.301.R36x_v20110119-0815,"org.eclipse.team.cvs.core",1300942460637
started,bundle,org.eclipse.team.cvs.ui,3.3.302.R36x_v20110203-1036,"org.eclipse.team.cvs.ui",1300942460637
started,bundle,org.eclipse.team.ui,3.5.102.R36x_v20110203-1036,"org.eclipse.team.ui",1300942460637
started,bundle,org.eclipse.ui,3.6.2.M20110203-1100,"org.eclipse.ui",1300942460637
started,bundle,org.eclipse.ui.console,3.5.0.v20100526,"org.eclipse.ui.console",1300942460638
started,bundle,org.eclipse.ui.editors,3.6.1.r361_v20100825-0800,"org.eclipse.ui.editors",1300942460638
started,bundle,org.eclipse.ui.forms,3.5.2.r36_v20100702,"org.eclipse.ui.forms",1300942460639
started,bundle,org.eclipse.ui.ide,3.6.2.M20101201-0800,"org.eclipse.ui.ide",1300942460640
started,bundle,org.eclipse.ui.intro,3.4.0.v20100427,"org.eclipse.ui.intro",1300942460640
started,bundle,org.eclipse.ui.intro.universal,3.2.402.r36_v20100702,"org.eclipse.ui.intro.universal",1300942460640
started,bundle,org.eclipse.ui.navigator,3.5.0.I20100601-0800,"org.eclipse.ui.navigator",1300942460640
started,bundle,org.eclipse.ui.navigator.resources,3.4.202.M20101124-0800,"org.eclipse.ui.navigator.resources",1300942460640
started,bundle,org.eclipse.ui.net,1.2.100.I20100505-1245,"org.eclipse.ui.net",1300942460640
started,bundle,org.eclipse.ui.views,3.5.1.M20110202-0800,"org.eclipse.ui.views",1300942460640
started,bundle,org.eclipse.ui.workbench,3.6.2.M20110210-1200,"org.eclipse.ui.workbench",1300942460640
started,bundle,org.eclipse.ui.workbench.texteditor,3.6.1.r361_v20100714-0800,"org.eclipse.ui.workbench.texteditor",1300942460640
started,bundle,org.eclipse.update.configurator,3.3.100.v20100512,"org.eclipse.update.configurator",1300942460645
started,bundle,org.eclipse.jdt.core,3.6.2.v_A76_R36x,"org.eclipse.jdt.core",1300942460645
started,bundle,org.eclipse.jdt.core.manipulation,1.3.0.v20100520-0800,"org.eclipse.jdt.core.manipulation",1300942460645
started,bundle,org.eclipse.jdt.ui,3.6.2.r362_v20110203,"org.eclipse.jdt.ui",1300942460645
started,bundle,org.eclipse.wst.jsdt.core,1.1.4.v201102102045,"org.eclipse.wst.jsdt.core",1300942460647
started,bundle,org.eclipse.wst.jsdt.manipulation,1.0.200.v201004150600,"org.eclipse.wst.jsdt.manipulation",1300942460647
started,bundle,org.eclipse.wst.jsdt.ui,1.1.4.v201102160540,"org.eclipse.wst.jsdt.ui",1300942460647
started,bundle,org.eclipse.linuxtools.cdt.autotools,2.0.0.201101251503,"org.eclipse.linuxtools.cdt.autotools",1300942460647
started,bundle,org.eclipse.linuxtools.cdt.autotools.core,1.0.1.201101251503,"org.eclipse.linuxtools.cdt.autotools.core",1300942460647
os,sysinfo,,,"linux",1300942460658
arch,sysinfo,,,"x86",1300942460658
ws,sysinfo,,,"gtk",1300942460658
locale,sysinfo,,,"en_IN",1300942460658
processors,sysinfo,,,"2",1300942460658
java.runtime.name,sysinfo,,,"OpenJDK Runtime Environment",1300942460658
java.runtime.version,sysinfo,,,"1.6.0_18-b18",1300942460658
java.specification.name,sysinfo,,,"Java Platform API Specification",1300942460658
java.specification.vendor,sysinfo,,,"Sun Microsystems Inc.",1300942460658
java.specification.version,sysinfo,,,"1.6",1300942460658
java.vendor,sysinfo,,,"Sun Microsystems Inc.",1300942460658
java.version,sysinfo,,,"1.6.0_18",1300942460658
java.vm.info,sysinfo,,,"mixed mode, sharing",1300942460658
java.vm.name,sysinfo,,,"OpenJDK Client VM",1300942460658
java.vm.specification.name,sysinfo,,,"Java Virtual Machine Specification",1300942460658
java.vm.specification.vendor,sysinfo,,,"Sun Microsystems Inc.",1300942460658
java.vm.specification.version,sysinfo,,,"1.0",1300942460658
java.vm.vendor,sysinfo,,,"Sun Microsystems Inc.",1300942460658
java.vm.version,sysinfo,,,"14.0-b16",1300942460658
started,bundle,org.eclipse.mylyn.commons.ui,3.4.0.v20100608-0100-e3x,"org.eclipse.mylyn.commons.ui",1300942460810
started,bundle,org.eclipse.mylyn.bugzilla.core,3.4.2.v20100902-0100-e3x,"org.eclipse.mylyn.bugzilla.core",1300942461413
started,bundle,org.eclipse.mylyn.bugzilla.ui,3.4.3.v20110131-0100-e3x,"org.eclipse.mylyn.bugzilla.ui",1300942461456
started,bundle,org.eclipse.mylyn.context.core,3.4.1.v20100909-0100-e3x,"org.eclipse.mylyn.context.core",1300942461577
started,bundle,org.eclipse.mylyn.context.ui,3.4.2.v20110131-0100-e3x,"org.eclipse.mylyn.context.ui",1300942461597
started,bundle,org.eclipse.mylyn.tasks.ui,3.4.3.v20110131-0100-e3x,"org.eclipse.mylyn.tasks.ui",1300942461729
started,bundle,org.eclipse.mylyn.team.ui,3.4.3.v20110131-0100-e3x,"org.eclipse.mylyn.team.ui",1300942461769
started,bundle,org.eclipse.update.scheduler,3.2.300.v20100512,"org.eclipse.update.scheduler",1300942461771
started,bundle,org.eclipse.update.core,3.2.402.R36x_v20100629,"org.eclipse.update.core",1300942461802
started,bundle,org.eclipse.wb.core.lib,0.9.0.r36x201102111430,"org.eclipse.wb.core.lib",1300942461950
started,bundle,org.eclipse.wb.core,0.9.0.r36x201102111430,"org.eclipse.wb.core",1300942462035
started,bundle,com.google.gdt.eclipse.designer,2.2.0.r36x201102111505,"com.google.gdt.eclipse.designer",1300942462165
started,bundle,com.google.gdt.eclipse.designer.UiBinder,2.2.0.r36x201102111505,"com.google.gdt.eclipse.designer.UiBinder",1300942462188
started,bundle,org.eclipse.wb.core.xml,0.9.0.r36x201102111443,"org.eclipse.wb.core.xml",1300942462233
started,bundle,org.eclipse.wb.os.linux,0.9.0.r36x201102111430,"org.eclipse.wb.os.linux",1300942462287
activated,view,org.eclipse.ui,3.6.2.M20110203-1100,"org.eclipse.ui.internal.introview",1300942470603
activated,workbench,org.eclipse.ui.workbench,3.6.2.M20110210-1200,"",1300942470641
activated,editor,org.eclipse.cdt.ui,5.2.2.201102110609,"org.eclipse.cdt.ui.editor.CEditor",1300942473343
activated,editor,org.eclipse.cdt.ui,5.2.2.201102110609,"org.eclipse.cdt.ui.editor.CEditor",1300942473472
closed,view,org.eclipse.ui,3.6.2.M20110203-1100,"org.eclipse.ui.internal.introview",1300942473502
deactivated,workbench,org.eclipse.ui.workbench,3.6.2.M20110210-1200,"",1300942476226
activated,workbench,org.eclipse.ui.workbench,3.6.2.M20110210-1200,"",1300942572159
started,bundle,org.eclipse.debug.ui,3.6.3.v20101201_r362,"org.eclipse.debug.ui",1300942575338
started,bundle,org.eclipse.jdt.junit,3.6.1.r361_v20100825-0800,"org.eclipse.jdt.junit",1300942575503
started,bundle,org.eclipse.jdt.junit.core,3.6.1.r361_v20100825-0800,"org.eclipse.jdt.junit.core",1300942575513
started,bundle,com.google.gdt.eclipse.core,2.2.0.v201102111811,"com.google.gdt.eclipse.core",1300942575540
started,bundle,com.google.gdt.eclipse.platform.shared,2.2.0.v201102111811,"com.google.gdt.eclipse.platform.shared",1300942575581
started,bundle,com.google.gdt.eclipse.platform.e36,2.2.0.v201102111811,"com.google.gdt.eclipse.platform.e36",1300942575582
started,bundle,com.google.gwt.eclipse.core,2.2.0.v201102111811,"com.google.gwt.eclipse.core",1300942576309
started,bundle,org.eclipse.cdt.debug.core,7.0.0.201102110609,"org.eclipse.cdt.debug.core",1300942576497
started,bundle,org.eclipse.cdt.debug.ui,7.0.0.201102110609,"org.eclipse.cdt.debug.ui",1300942576512
started,bundle,com.google.appengine.eclipse.core,2.2.0.v201102111811,"com.google.appengine.eclipse.core",1300942576598
started,bundle,com.google.gdt.eclipse.suite,2.2.0.v201102111811,"com.google.gdt.eclipse.suite",1300942576619
deactivated,workbench,org.eclipse.ui.workbench,3.6.2.M20110210-1200,"",1300942576761
activated,workbench,org.eclipse.ui.workbench,3.6.2.M20110210-1200,"",1300942577140
deactivated,workbench,org.eclipse.ui.workbench,3.6.2.M20110210-1200,"",1300942577217
activated,workbench,org.eclipse.ui.workbench,3.6.2.M20110210-1200,"",1300942580092
started,bundle,org.eclipse.jdt.debug,3.6.1.v20100715_r361,"org.eclipse.jdt.debug",1300942603714
started,bundle,org.eclipse.jdt.launching,3.5.200.v20110105_r362,"org.eclipse.jdt.launching",1300942603755
started,bundle,org.eclipse.jdt.debug.ui,3.5.2.v20100928a_r362,"org.eclipse.jdt.debug.ui",1300942603909
started,bundle,org.eclipse.hyades.execution,4.5.1.v201101211900,"org.eclipse.hyades.execution",1300942604058
started,bundle,org.eclipse.emf.common,2.6.0.v20100914-1218,"org.eclipse.emf.common",1300942604158
started,bundle,org.eclipse.emf.ecore,2.6.1.v20100914-1218,"org.eclipse.emf.ecore",1300942604189
started,bundle,org.eclipse.tptp.platform.models.hierarchy,4.7.2.v201101211050,"org.eclipse.tptp.platform.models.hierarchy",1300942604192
started,bundle,org.eclipse.emf.ecore.xmi,2.5.0.v20100521-1846,"org.eclipse.emf.ecore.xmi",1300942604378
started,bundle,org.eclipse.tptp.platform.common.ui,4.4.301.v201012081900,"org.eclipse.tptp.platform.common.ui",1300942604992
started,bundle,org.eclipse.tptp.platform.common,4.4.3.v201101060044,"org.eclipse.tptp.platform.common",1300942605007
started,bundle,org.eclipse.hyades.trace.ui,4.5.102.v201101211900,"org.eclipse.hyades.trace.ui",1300942610113
started,bundle,org.eclipse.ui.externaltools,3.2.0.v20100427,"org.eclipse.ui.externaltools",1300942620299
started,bundle,org.eclipse.linuxtools.profiling.launch,0.7.0.201101251503,"org.eclipse.linuxtools.profiling.launch",1300942645015
started,bundle,org.eclipse.linuxtools.callgraph.launch,0.0.1.201101251503,"org.eclipse.linuxtools.callgraph.launch",1300942645022
deactivated,workbench,org.eclipse.ui.workbench,3.6.2.M20110210-1200,"",1300942645108
activated,workbench,org.eclipse.ui.workbench,3.6.2.M20110210-1200,"",1300942645300
deactivated,workbench,org.eclipse.ui.workbench,3.6.2.M20110210-1200,"",1300942645345
executed,command,,,"org.eclipse.linuxtools.systemtap.quicklaunchStapGraph1.profile",1300942646600
activated,workbench,org.eclipse.ui.workbench,3.6.2.M20110210-1200,"",1300942646639
executed,command,org.eclipse.ui,3.6.2.M20110203-1100,"org.eclipse.ui.file.refresh",1300942655587
executed,command,org.eclipse.ui,3.6.2.M20110203-1100,"org.eclipse.ui.file.refresh",1300942657349
executed,command,org.eclipse.ui.ide,3.6.2.M20101201-0800,"org.eclipse.ui.project.buildAll",1300942665467
started,bundle,org.eclipse.cdt.managedbuilder.gnu.ui,7.0.0.201102110609,"org.eclipse.cdt.managedbuilder.gnu.ui",1300942665629
opened,view,org.eclipse.ui.console,3.5.0.v20100526,"org.eclipse.ui.console.ConsoleView",1300942665865
deactivated,workbench,org.eclipse.ui.workbench,3.6.2.M20110210-1200,"",1300942665942
activated,workbench,org.eclipse.ui.workbench,3.6.2.M20110210-1200,"",1300942668345
executed,command,org.eclipse.ui,3.6.2.M20110203-1100,"org.eclipse.ui.file.save",1300942679572
executed,command,org.eclipse.ui.ide,3.6.2.M20101201-0800,"org.eclipse.ui.project.buildAll",1300942680769
deactivated,workbench,org.eclipse.ui.workbench,3.6.2.M20110210-1200,"",1300942681173
activated,workbench,org.eclipse.ui.workbench,3.6.2.M20110210-1200,"",1300942682830
executed,command,org.eclipse.ui,3.6.2.M20110203-1100,"org.eclipse.ui.file.refresh",1300942691439
deactivated,workbench,org.eclipse.ui.workbench,3.6.2.M20110210-1200,"",1300942698475
started,bundle,org.eclipse.cdt.debug.mi.ui,6.1.0.201102110609,"org.eclipse.cdt.debug.mi.ui",1300942698726
started,bundle,org.eclipse.cdt.debug.mi.core,7.0.1.201102110609,"org.eclipse.cdt.debug.mi.core",1300942698749
started,bundle,com.google.gdt.eclipse.maven,2.2.0.v201102111811,"com.google.gdt.eclipse.maven",1300942698818
started,bundle,org.eclipse.cdt.launch,6.1.0.201102110609,"org.eclipse.cdt.launch",1300942698850
activated,workbench,org.eclipse.ui.workbench,3.6.2.M20110210-1200,"",1300942698884
started,bundle,org.eclipse.cdt.dsf,2.1.1.201102110609,"org.eclipse.cdt.dsf",1300942699743
started,bundle,org.eclipse.cdt.dsf.gdb,3.0.0.201102110609,"org.eclipse.cdt.dsf.gdb",1300942699747
started,bundle,org.eclipse.cdt.dsf.gdb.ui,2.1.0.201102110609,"org.eclipse.cdt.dsf.gdb.ui",1300942699748
executed,command,org.eclipse.ui,3.6.2.M20110203-1100,"org.eclipse.ui.file.save",1300942707782
executed,command,org.eclipse.ui.ide,3.6.2.M20101201-0800,"org.eclipse.ui.project.buildAll",1300942710945
deactivated,workbench,org.eclipse.ui.workbench,3.6.2.M20110210-1200,"",1300942711473
activated,workbench,org.eclipse.ui.workbench,3.6.2.M20110210-1200,"",1300942712471
executed,command,org.eclipse.ui.workbench.texteditor,3.6.1.r361_v20100714-0800,"org.eclipse.ui.edit.text.goto.lineEnd",1300942718564
executed,command,org.eclipse.ui,3.6.2.M20110203-1100,"org.eclipse.ui.file.save",1300942725096
executed,command,org.eclipse.ui.ide,3.6.2.M20101201-0800,"org.eclipse.ui.project.buildAll",1300942726386
deactivated,workbench,org.eclipse.ui.workbench,3.6.2.M20110210-1200,"",1300942726783
activated,workbench,org.eclipse.ui.workbench,3.6.2.M20110210-1200,"",1300942727840
executed,command,org.eclipse.debug.ui,3.6.3.v20101201_r362,"org.eclipse.debug.ui.commands.RunLast",1300942744586
deactivated,workbench,org.eclipse.ui.workbench,3.6.2.M20110210-1200,"",1300942745394
error,log,,,"The program file specified in the launch configuration does not exist",1300942752391
activated,workbench,org.eclipse.ui.workbench,3.6.2.M20110210-1200,"",1300942752404
deactivated,workbench,org.eclipse.ui.workbench,3.6.2.M20110210-1200,"",1300942752559
activated,workbench,org.eclipse.ui.workbench,3.6.2.M20110210-1200,"",1300942755779
started,bundle,org.eclipse.cdt.mylyn.ui,1.1.4.v20110204-0100-e3x,"org.eclipse.cdt.mylyn.ui",1300942764011
executed,command,org.eclipse.ui,3.6.2.M20110203-1100,"org.eclipse.ui.file.save",1300942781944
executed,command,org.eclipse.ui.ide,3.6.2.M20101201-0800,"org.eclipse.ui.project.buildAll",1300942782779
deactivated,workbench,org.eclipse.ui.workbench,3.6.2.M20110210-1200,"",1300942783188
activated,workbench,org.eclipse.ui.workbench,3.6.2.M20110210-1200,"",1300942784377
executed,command,org.eclipse.debug.ui,3.6.3.v20101201_r362,"org.eclipse.debug.ui.commands.RunLast",1300942786358
deactivated,workbench,org.eclipse.ui.workbench,3.6.2.M20110210-1200,"",1300942793856
activated,workbench,org.eclipse.ui.workbench,3.6.2.M20110210-1200,"",1300942794389
activated,view,org.eclipse.ui.console,3.5.0.v20100526,"org.eclipse.ui.console.ConsoleView",1300942795231
activated,editor,org.eclipse.cdt.ui,5.2.2.201102110609,"org.eclipse.cdt.ui.editor.CEditor",1300942801690
activated,view,org.eclipse.ui.navigator.resources,3.4.202.M20101124-0800,"org.eclipse.ui.navigator.ProjectExplorer",1300942802200
activated,editor,org.eclipse.cdt.ui,5.2.2.201102110609,"org.eclipse.cdt.ui.editor.CEditor",1300942805362
executed,command,org.eclipse.ui,3.6.2.M20110203-1100,"org.eclipse.ui.edit.delete",1300942807488
executed,command,org.eclipse.ui,3.6.2.M20110203-1100,"org.eclipse.ui.edit.delete",1300942807826
executed,command,org.eclipse.ui,3.6.2.M20110203-1100,"org.eclipse.ui.file.save",1300942808727
executed,command,org.eclipse.ui.ide,3.6.2.M20101201-0800,"org.eclipse.ui.project.buildAll",1300942809980
deactivated,workbench,org.eclipse.ui.workbench,3.6.2.M20110210-1200,"",1300942810443
activated,workbench,org.eclipse.ui.workbench,3.6.2.M20110210-1200,"",1300942811559
executed,command,org.eclipse.debug.ui,3.6.3.v20101201_r362,"org.eclipse.debug.ui.commands.RunLast",1300942811975
activated,view,org.eclipse.ui.navigator.resources,3.4.202.M20101124-0800,"org.eclipse.ui.navigator.ProjectExplorer",1300942818727
started,bundle,org.eclipse.compare,3.5.101.R36x_v20100929-0800,"org.eclipse.compare",1300942819082
deactivated,workbench,org.eclipse.ui.workbench,3.6.2.M20110210-1200,"",1300942821772
error,log,,,"Invalid preference page path: CSS Files",1300942830327
started,bundle,org.eclipse.team.cvs.ssh2,3.2.300.I20100526-0800,"org.eclipse.team.cvs.ssh2",1300942830359
activated,workbench,org.eclipse.ui.workbench,3.6.2.M20110210-1200,"",1300942868071
deactivated,workbench,org.eclipse.ui.workbench,3.6.2.M20110210-1200,"",1300942869053
activated,workbench,org.eclipse.ui.workbench,3.6.2.M20110210-1200,"",1300944537323
deactivated,workbench,org.eclipse.ui.workbench,3.6.2.M20110210-1200,"",1300944543548
started,bundle,org.eclipse.cdt.managedbuilder.ui,7.0.0.201102110609,"org.eclipse.cdt.managedbuilder.ui",1300944560774
activated,workbench,org.eclipse.ui.workbench,3.6.2.M20110210-1200,"",1300944632587
deactivated,workbench,org.eclipse.ui.workbench,3.6.2.M20110210-1200,"",1300944657039
closed,editor,org.eclipse.cdt.ui,5.2.2.201102110609,"org.eclipse.cdt.ui.editor.CEditor",1300944661385
executed,command,org.eclipse.ltk.ui.refactoring,3.5.0.v20100526-0800,"org.eclipse.ltk.ui.refactoring.commands.deleteResources",1300944661522
executed,command,org.eclipse.ui,3.6.2.M20110203-1100,"org.eclipse.ui.edit.delete",1300944661522
activated,workbench,org.eclipse.ui.workbench,3.6.2.M20110210-1200,"",1300944661571
deactivated,workbench,org.eclipse.ui.workbench,3.6.2.M20110210-1200,"",1300944668077
activated,workbench,org.eclipse.ui.workbench,3.6.2.M20110210-1200,"",1300948727193
deactivated,workbench,org.eclipse.ui.workbench,3.6.2.M20110210-1200,"",1300948729286
activated,workbench,org.eclipse.ui.workbench,3.6.2.M20110210-1200,"",1300948826933
deactivated,workbench,org.eclipse.ui.workbench,3.6.2.M20110210-1200,"",1300948830714
started,bundle,org.eclipse.equinox.security.ui,1.0.200.v20100503,"org.eclipse.equinox.security.ui",1300949527544
started,bundle,org.eclipse.jsch.ui,1.1.300.I20100505-1245,"org.eclipse.jsch.ui",1300949561638
activated,workbench,org.eclipse.ui.workbench,3.6.2.M20110210-1200,"",1300949618221
deactivated,workbench,org.eclipse.ui.workbench,3.6.2.M20110210-1200,"",1300949622672
error,log,,,"Could not auto-share project test",1300949663726
activated,workbench,org.eclipse.ui.workbench,3.6.2.M20110210-1200,"",1300949663757
deactivated,workbench,org.eclipse.ui.workbench,3.6.2.M20110210-1200,"",1300949677005
executed,command,org.eclipse.ltk.ui.refactoring,3.5.0.v20100526-0800,"org.eclipse.ltk.ui.refactoring.commands.deleteResources",1300949690240
executed,command,org.eclipse.ui,3.6.2.M20110203-1100,"org.eclipse.ui.edit.delete",1300949690240
activated,workbench,org.eclipse.ui.workbench,3.6.2.M20110210-1200,"",1300949690257
deactivated,workbench,org.eclipse.ui.workbench,3.6.2.M20110210-1200,"",1300949694444
activated,workbench,org.eclipse.ui.workbench,3.6.2.M20110210-1200,"",1300949706990
error,log,,,"Could not auto-share project ORIGAMI",1300949706997
opened,editor,org.eclipse.cdt.make.ui,7.0.0.201102110609,"org.eclipse.cdt.make.editor",1300949716238
activated,editor,org.eclipse.cdt.make.ui,7.0.0.201102110609,"org.eclipse.cdt.make.editor",1300949716362
activated,view,org.eclipse.ui.navigator.resources,3.4.202.M20101124-0800,"org.eclipse.ui.navigator.ProjectExplorer",1300949716396
deactivated,workbench,org.eclipse.ui.workbench,3.6.2.M20110210-1200,"",1300949746996
activated,workbench,org.eclipse.ui.workbench,3.6.2.M20110210-1200,"",1300949753033
activated,editor,org.eclipse.cdt.make.ui,7.0.0.201102110609,"org.eclipse.cdt.make.editor",1300949753089
executed,command,org.eclipse.ui.workbench.texteditor,3.6.1.r361_v20100714-0800,"org.eclipse.ui.edit.text.delete.line",1300949753902
executed,command,org.eclipse.ui,3.6.2.M20110203-1100,"org.eclipse.ui.edit.undo",1300949755137
deactivated,workbench,org.eclipse.ui.workbench,3.6.2.M20110210-1200,"",1300949758389
activated,workbench,org.eclipse.ui.workbench,3.6.2.M20110210-1200,"",1300949818549
deactivated,workbench,org.eclipse.ui.workbench,3.6.2.M20110210-1200,"",1300949819823
activated,workbench,org.eclipse.ui.workbench,3.6.2.M20110210-1200,"",1300949827350
deactivated,workbench,org.eclipse.ui.workbench,3.6.2.M20110210-1200,"",1300949838991
activated,workbench,org.eclipse.ui.workbench,3.6.2.M20110210-1200,"",1300949841555
activated,view,org.eclipse.ui.navigator.resources,3.4.202.M20101124-0800,"org.eclipse.ui.navigator.ProjectExplorer",1300949842972
opened,editor,org.eclipse.cdt.ui,5.2.2.201102110609,"org.eclipse.cdt.ui.editor.CEditor",1300949851303
activated,editor,org.eclipse.cdt.ui,5.2.2.201102110609,"org.eclipse.cdt.ui.editor.CEditor",1300949851589
activated,view,org.eclipse.ui.navigator.resources,3.4.202.M20101124-0800,"org.eclipse.ui.navigator.ProjectExplorer",1300949851624
started,bundle,org.eclipse.linuxtools.cdt.libhover,1.0.3.201101251503,"org.eclipse.linuxtools.cdt.libhover",1300949871834
deactivated,workbench,org.eclipse.ui.workbench,3.6.2.M20110210-1200,"",1300949885667
closed,workbench,org.eclipse.ui.workbench,3.6.2.M20110210-1200,"",1300949891772
stopped,bundle,org.eclipse.cdt.debug.mi.ui,6.1.0.201102110609,"org.eclipse.cdt.debug.mi.ui",1300949893254
stopped,bundle,org.eclipse.cdt.debug.mi.core,7.0.1.201102110609,"org.eclipse.cdt.debug.mi.core",1300949893254
stopped,bundle,org.eclipse.cdt.debug.ui.memory.memorybrowser,1.2.1.201102110609,"org.eclipse.cdt.debug.ui.memory.memorybrowser",1300949893254
stopped,bundle,org.eclipse.cdt.debug.ui.memory.search,1.2.0.201102110609,"org.eclipse.cdt.debug.ui.memory.search",1300949893254
stopped,bundle,org.eclipse.cdt.dsf.gdb.ui,2.1.0.201102110609,"org.eclipse.cdt.dsf.gdb.ui",1300949893285
stopped,bundle,org.eclipse.cdt.dsf.ui,2.1.2.201102110609,"org.eclipse.cdt.dsf.ui",1300949893285
stopped,bundle,org.eclipse.cdt.gdb.ui,7.0.0.201102110609,"org.eclipse.cdt.gdb.ui",1300949893285
stopped,bundle,org.eclipse.cdt.dsf.gdb,3.0.0.201102110609,"org.eclipse.cdt.dsf.gdb",1300949893286
stopped,bundle,org.eclipse.linuxtools.callgraph.launch,0.0.1.201101251503,"org.eclipse.linuxtools.callgraph.launch",1300949893286
